Data.Customer_ID,Data.Gender,Data.Age,Data.Married,Data.State,Data.Number_of_Referrals,Data.Value_Deal,Data.Phone_Service,Data.Multiple_Lines,Data.Internet_Service,Data.Internet_Type,Data.Online_Security,Data.Online_Backup,Data.Device_Protection_Plan,Data.Premium_Support,Data.Streaming_TV,Data.Streaming_Movies,Data.Streaming_Music,Data.Unlimited_Data,Data.Contract,Data.Paperless_Billing,Data.Payment_Method,Data.Monthly_Charge,Customer_Status_Predicted
11751-TAM,Female,18,No,Tamil Nadu,5,Deal 5,No,No,Yes,DSL,No,No,No,No,No,No,No,Yes,Month-to-Month,No,Mailed Check,24.3,1
12056-WES,Male,27,No,West Bengal,2,,Yes,No,Yes,Fiber Optic,No,Yes,Yes,No,No,Yes,Yes,Yes,Month-to-Month,No,Bank Withdrawal,90.4,0
12136-RAJ,Female,25,Yes,Rajasthan,2,,Yes,No,No,,No,No,No,No,No,No,No,No,Month-to-Month,No,Bank Withdrawal,19.9,0
12257-ASS,Female,39,No,Assam,9,,Yes,No,No,,No,No,No,No,No,No,No,No,Month-to-Month,Yes,Credit Card,19.55,0
12340-DEL,Female,51,Yes,Delhi,0,,Yes,No,Yes,Cable,No,No,No,No,Yes,Yes,Yes,Yes,Month-to-Month,Yes,Credit Card,62.8,0
12469-AND,Male,24,Yes,Andhra Pradesh,11,,Yes,No,Yes,DSL,No,No,No,No,Yes,No,No,Yes,Month-to-Month,Yes,Credit Card,55.3,1
12490-TEL,Female,52,No,Telangana,9,,Yes,No,Yes,Fiber Optic,No,No,Yes,No,No,No,No,Yes,Month-to-Month,Yes,Mailed Check,74.75,1
13058-MAD,Female,58,No,Madhya Pradesh,13,,Yes,No,Yes,DSL,No,No,No,No,No,No,No,Yes,Month-to-Month,Yes,Mailed Check,46.1,1
13123-BIH,Female,46,No,Bihar,13,Deal 5,Yes,No,Yes,Fiber Optic,Yes,Yes,No,No,Yes,Yes,Yes,No,Month-to-Month,No,Bank Withdrawal,100.2,0
13666-UTT,Male,57,Yes,Uttarakhand,15,,Yes,No,Yes,Fiber Optic,No,Yes,No,No,Yes,Yes,Yes,Yes,Month-to-Month,No,Bank Withdrawal,95.4,1
13744-AND,Female,41,Yes,Andhra Pradesh,8,Deal 5,Yes,No,No,,No,No,No,No,No,No,No,No,Month-to-Month,Yes,Bank Withdrawal,19.65,0
13823-TEL,Female,31,Yes,Telangana,1,Deal 5,No,No,Yes,DSL,No,No,No,No,No,No,No,Yes,Month-to-Month,No,Bank Withdrawal,24.5,1
13946-HAR,Female,41,Yes,Haryana,1,Deal 5,Yes,No,No,,No,No,No,No,No,No,No,No,Month-to-Month,No,Credit Card,19.65,0
14567-TAM,Male,43,No,Tamil Nadu,1,,Yes,No,No,,No,No,No,No,No,No,No,No,Month-to-Month,No,Credit Card,20.35,0
15349-UTT,Male,47,Yes,Uttar Pradesh,9,Deal 5,Yes,Yes,Yes,DSL,No,No,No,No,No,No,No,Yes,Month-to-Month,Yes,Bank Withdrawal,50.15,0
15591-KAR,Female,26,No,Karnataka,3,,Yes,No,No,,No,No,No,No,No,No,No,No,Month-to-Month,No,Credit Card,20.4,0
15803-UTT,Female,34,No,Uttar Pradesh,6,,Yes,No,No,,No,No,No,No,No,No,No,No,Month-to-Month,No,Credit Card,19.15,0
16032-AND,Female,47,No,Andhra Pradesh,8,,Yes,No,Yes,DSL,No,No,No,No,No,No,No,Yes,Month-to-Month,Yes,Bank Withdrawal,46.6,1
16068-BIH,Female,44,Yes,Bihar,4,Deal 5,No,No,Yes,DSL,No,No,No,No,No,No,No,No,Month-to-Month,No,Bank Withdrawal,25.25,1
16244-UTT,Female,19,Yes,Uttar Pradesh,5,,Yes,No,No,,No,No,No,No,No,No,No,No,Month-to-Month,No,Credit Card,19.55,0
16733-ODI,Female,76,Yes,Odisha,10,,Yes,No,Yes,DSL,No,No,No,No,No,No,No,Yes,Month-to-Month,Yes,Credit Card,45.85,1
16764-WES,Male,40,No,West Bengal,15,Deal 5,Yes,No,No,,No,No,No,No,No,No,No,No,Month-to-Month,No,Credit Card,20.8,0
16931-BIH,Female,39,Yes,Bihar,8,Deal 5,Yes,No,No,,No,No,No,No,No,No,No,No,Month-to-Month,Yes,Credit Card,19.3,0
17154-HAR,Male,32,No,Haryana,13,,Yes,No,No,,No,No,No,No,No,No,No,No,One Year,No,Mailed Check,18.8,0
17250-HAR,Female,23,Yes,Haryana,12,,Yes,No,Yes,DSL,No,Yes,No,No,No,No,No,Yes,Month-to-Month,No,Credit Card,49.25,0
17597-HAR,Female,33,Yes,Haryana,2,Deal 5,No,No,Yes,DSL,No,Yes,No,No,No,No,No,Yes,Month-to-Month,Yes,Bank Withdrawal,29.85,1
17796-BIH,Female,65,No,Bihar,5,,Yes,No,Yes,Cable,Yes,No,No,No,No,No,No,Yes,Month-to-Month,Yes,Bank Withdrawal,48.45,1
18015-ODI,Female,28,Yes,Odisha,15,,Yes,No,Yes,DSL,No,No,No,Yes,No,No,No,Yes,Month-to-Month,Yes,Bank Withdrawal,49.9,0
18027-UTT,Female,58,Yes,Uttar Pradesh,15,Deal 5,Yes,No,No,,No,No,No,No,No,No,No,No,Month-to-Month,Yes,Credit Card,19.9,0
18415-KAR,Female,33,Yes,Karnataka,7,,Yes,No,No,,No,No,No,No,No,No,No,No,Month-to-Month,No,Mailed Check,19.1,0
18829-TAM,Female,49,Yes,Tamil Nadu,4,Deal 5,Yes,No,No,,No,No,No,No,No,No,No,No,Month-to-Month,No,Credit Card,18.8,0
19041-AND,Female,36,No,Andhra Pradesh,6,Deal 5,No,No,Yes,Cable,Yes,No,No,Yes,No,No,No,Yes,Month-to-Month,No,Credit Card,35.1,0
19539-PUN,Female,37,Yes,Punjab,14,Deal 5,Yes,No,Yes,DSL,No,No,No,No,No,No,No,Yes,Month-to-Month,Yes,Credit Card,45.4,1
19541-ODI,Female,37,Yes,Odisha,15,Deal 5,Yes,No,Yes,Cable,No,No,No,No,No,No,No,Yes,Month-to-Month,Yes,Credit Card,45.25,1
19747-WES,Female,47,No,West Bengal,15,Deal 5,Yes,No,Yes,DSL,Yes,No,No,Yes,No,Yes,Yes,No,Month-to-Month,Yes,Bank Withdrawal,64.5,0
19811-MAH,Female,35,Yes,Maharashtra,10,Deal 5,Yes,No,Yes,Fiber Optic,Yes,Yes,No,No,Yes,No,No,Yes,Month-to-Month,No,Bank Withdrawal,89.85,0
19837-TAM,Female,57,Yes,Tamil Nadu,4,,No,No,Yes,Cable,No,Yes,No,No,Yes,Yes,Yes,Yes,Month-to-Month,No,Bank Withdrawal,51.4,0
19898-HAR,Male,31,Yes,Haryana,3,Deal 5,Yes,No,No,,No,No,No,No,No,No,No,No,Month-to-Month,No,Credit Card,19.45,0
19998-AND,Female,18,No,Andhra Pradesh,0,Deal 5,Yes,No,Yes,Fiber Optic,No,No,Yes,No,No,Yes,Yes,Yes,Month-to-Month,No,Credit Card,85.7,1
21065-HAR,Male,27,No,Haryana,5,,Yes,No,No,,No,No,No,No,No,No,No,No,Month-to-Month,No,Credit Card,20.3,0
21165-DEL,Female,38,No,Delhi,2,Deal 5,Yes,No,No,,No,No,No,No,No,No,No,No,Month-to-Month,No,Credit Card,19.95,0
21247-ASS,Male,58,Yes,Assam,2,,Yes,No,No,,No,No,No,No,No,No,No,No,Month-to-Month,Yes,Credit Card,19.5,0
21288-MAH,Female,63,No,Maharashtra,12,,Yes,Yes,Yes,DSL,No,No,No,No,Yes,No,No,No,Month-to-Month,Yes,Bank Withdrawal,60.25,0
21642-TEL,Male,60,Yes,Telangana,12,,Yes,No,Yes,DSL,Yes,No,No,Yes,No,No,No,Yes,Month-to-Month,No,Bank Withdrawal,54.5,0
21956-JHA,Female,59,Yes,Jharkhand,10,,Yes,No,Yes,Fiber Optic,Yes,No,No,Yes,No,No,No,No,Month-to-Month,Yes,Credit Card,82.3,0
22119-WES,Male,31,Yes,West Bengal,5,,Yes,No,No,,No,No,No,No,No,No,No,No,Month-to-Month,No,Credit Card,20.05,0
22137-KAR,Female,51,No,Karnataka,4,,Yes,No,No,,No,No,No,No,No,No,No,No,One Year,No,Credit Card,19.85,0
22765-MAH,Female,40,Yes,Maharashtra,6,Deal 5,Yes,No,No,,No,No,No,No,No,No,No,No,Month-to-Month,No,Bank Withdrawal,19.45,0
22782-ODI,Female,50,Yes,Odisha,2,,Yes,No,No,,No,No,No,No,No,No,No,No,Month-to-Month,No,Credit Card,19.3,0
23078-UTT,Female,57,Yes,Uttar Pradesh,3,,Yes,No,No,,No,No,No,No,No,No,No,No,Month-to-Month,Yes,Bank Withdrawal,20.3,0
23148-CHH,Female,74,Yes,Chhattisgarh,4,Deal 5,Yes,No,Yes,DSL,No,No,No,No,No,No,No,Yes,Two Year,No,Bank Withdrawal,44.0,0
23256-HAR,Female,32,Yes,Haryana,10,Deal 5,Yes,No,No,,No,No,No,No,No,No,No,No,Month-to-Month,No,Bank Withdrawal,19.85,0
23605-MAH,Female,31,Yes,Maharashtra,1,,Yes,No,No,,No,No,No,No,No,No,No,No,Month-to-Month,No,Credit Card,20.75,0
23632-HAR,Female,37,Yes,Haryana,2,Deal 5,Yes,No,Yes,Fiber Optic,Yes,No,No,No,Yes,Yes,Yes,Yes,Month-to-Month,No,Bank Withdrawal,97.1,1
23683-TEL,Male,26,No,Telangana,10,,Yes,No,No,,No,No,No,No,No,No,No,No,Month-to-Month,Yes,Credit Card,20.25,0
23729-UTT,Female,58,No,Uttar Pradesh,14,Deal 5,Yes,No,No,,No,No,No,No,No,No,No,No,Month-to-Month,Yes,Credit Card,19.65,1
23855-MAH,Female,53,Yes,Maharashtra,13,,Yes,No,Yes,DSL,No,No,No,No,No,No,No,Yes,Month-to-Month,No,Bank Withdrawal,44.9,0
24696-BIH,Female,69,Yes,Bihar,0,Deal 5,Yes,No,Yes,DSL,No,No,No,No,No,No,No,Yes,Month-to-Month,No,Bank Withdrawal,43.95,1
24754-AND,Female,63,Yes,Andhra Pradesh,0,,Yes,No,Yes,Fiber Optic,No,No,No,No,No,No,No,Yes,Month-to-Month,Yes,Bank Withdrawal,69.55,1
24990-WES,Female,36,No,West Bengal,8,,Yes,No,Yes,Fiber Optic,No,No,No,No,No,No,No,Yes,Month-to-Month,Yes,Bank Withdrawal,71.65,1
25048-TEL,Male,47,No,Telangana,15,Deal 5,Yes,Yes,No,,No,No,No,No,No,No,No,No,Month-to-Month,No,Credit Card,24.0,0
25517-RAJ,Female,40,No,Rajasthan,4,,Yes,Yes,Yes,Fiber Optic,No,No,Yes,No,Yes,No,No,No,Month-to-Month,Yes,Bank Withdrawal,91.45,1
25733-HAR,Female,80,No,Haryana,8,Deal 5,Yes,No,Yes,Fiber Optic,No,No,Yes,No,Yes,Yes,No,No,One Year,Yes,Credit Card,95.5,0
25763-JHA,Female,47,Yes,Jharkhand,9,Deal 5,Yes,No,Yes,Cable,No,No,No,No,No,No,No,Yes,Month-to-Month,No,Bank Withdrawal,44.15,1
26139-KAR,Male,76,No,Karnataka,5,Deal 5,Yes,No,Yes,DSL,No,No,Yes,No,No,No,No,Yes,Two Year,No,Mailed Check,49.95,0
26412-ASS,Female,30,No,Assam,7,,Yes,No,No,,No,No,No,No,No,No,No,No,Month-to-Month,Yes,Bank Withdrawal,20.7,0
26448-BIH,Female,57,No,Bihar,10,Deal 5,Yes,No,Yes,DSL,No,Yes,No,Yes,Yes,Yes,Yes,Yes,Month-to-Month,Yes,Bank Withdrawal,75.3,1
26500-GUJ,Female,62,Yes,Gujarat,3,Deal 5,Yes,No,Yes,Cable,Yes,No,No,No,No,Yes,Yes,Yes,Month-to-Month,Yes,Mailed Check,62.15,0
26567-UTT,Female,67,Yes,Uttar Pradesh,1,,Yes,No,No,,No,No,No,No,No,No,No,No,Two Year,No,Credit Card,20.35,0
26902-TEL,Male,52,Yes,Telangana,7,,Yes,No,Yes,Fiber Optic,No,No,No,Yes,Yes,Yes,Yes,Yes,Month-to-Month,Yes,Bank Withdrawal,95.85,1
27461-MAD,Male,22,Yes,Madhya Pradesh,7,Deal 5,Yes,No,Yes,Cable,No,No,No,No,No,No,No,Yes,Month-to-Month,Yes,Credit Card,44.55,1
27465-JAM,Female,50,No,Jammu & Kashmir,10,,Yes,No,No,,No,No,No,No,No,No,No,No,Month-to-Month,No,Credit Card,19.85,0
27553-UTT,Female,53,Yes,Uttar Pradesh,0,,Yes,No,No,,No,No,No,No,No,No,No,No,Month-to-Month,No,Credit Card,20.3,0
27561-UTT,Female,19,No,Uttar Pradesh,6,Deal 5,Yes,No,No,,No,No,No,No,No,No,No,No,Month-to-Month,Yes,Credit Card,20.25,0
27856-UTT,Female,33,Yes,Uttar Pradesh,1,Deal 5,Yes,No,No,,No,No,No,No,No,No,No,No,Month-to-Month,Yes,Bank Withdrawal,19.25,0
27880-AND,Male,48,No,Andhra Pradesh,14,,Yes,Yes,No,,No,No,No,No,No,No,No,No,Two Year,Yes,Credit Card,26.4,0
28237-JHA,Female,52,No,Jharkhand,7,Deal 5,Yes,No,Yes,Fiber Optic,No,No,No,No,No,No,No,Yes,Month-to-Month,Yes,Bank Withdrawal,69.85,1
28239-UTT,Female,55,Yes,Uttar Pradesh,0,,Yes,No,No,,No,No,No,No,No,No,No,No,Month-to-Month,No,Credit Card,19.95,0
28266-JAM,Male,32,No,Jammu & Kashmir,6,,No,No,Yes,DSL,No,No,No,No,No,No,No,Yes,Month-to-Month,No,Credit Card,25.35,0
28281-KAR,Male,56,Yes,Karnataka,8,Deal 5,Yes,No,Yes,Fiber Optic,No,No,No,No,No,Yes,Yes,Yes,Month-to-Month,Yes,Bank Withdrawal,80.35,1
28317-MAD,Female,29,Yes,Madhya Pradesh,14,,Yes,No,No,,No,No,No,No,No,No,No,No,Two Year,No,Mailed Check,19.1,0
28378-MAD,Female,65,No,Madhya Pradesh,12,Deal 5,Yes,No,No,,No,No,No,No,No,No,No,No,Month-to-Month,No,Bank Withdrawal,19.45,1
28398-TEL,Male,59,Yes,Telangana,3,Deal 5,Yes,No,No,,No,No,No,No,No,No,No,No,Month-to-Month,No,Credit Card,20.0,1
28681-HAR,Female,33,No,Haryana,4,,Yes,No,Yes,Fiber Optic,No,No,Yes,No,No,No,No,Yes,Month-to-Month,No,Bank Withdrawal,75.55,1
28782-PUN,Male,58,Yes,Punjab,8,Deal 5,Yes,No,Yes,DSL,No,No,No,No,No,No,No,Yes,Month-to-Month,Yes,Mailed Check,44.95,1
28873-TAM,Male,55,No,Tamil Nadu,7,,Yes,No,Yes,Fiber Optic,No,Yes,No,No,No,No,No,Yes,Month-to-Month,No,Bank Withdrawal,74.95,1
29093-ASS,Male,57,Yes,Assam,6,,Yes,No,No,,No,No,No,No,No,No,No,No,Month-to-Month,Yes,Mailed Check,20.45,0
29371-WES,Female,23,No,West Bengal,14,Deal 5,Yes,No,Yes,DSL,No,No,No,No,No,Yes,Yes,Yes,Month-to-Month,Yes,Bank Withdrawal,55.3,1
29525-TAM,Female,50,Yes,Tamil Nadu,9,Deal 5,No,No,Yes,DSL,No,No,No,No,No,No,No,Yes,Month-to-Month,No,Credit Card,25.0,0
29626-WES,Male,67,No,West Bengal,10,Deal 5,Yes,No,Yes,DSL,Yes,No,No,No,No,No,No,No,Month-to-Month,No,Bank Withdrawal,50.15,1
31129-AND,Male,68,No,Andhra Pradesh,15,,Yes,No,Yes,Fiber Optic,No,No,No,No,No,No,No,No,Month-to-Month,Yes,Bank Withdrawal,70.35,1
31294-KAR,Male,50,Yes,Karnataka,15,Deal 5,Yes,No,Yes,DSL,Yes,No,No,No,No,No,No,Yes,Month-to-Month,No,Bank Withdrawal,49.75,0
31412-HAR,Female,81,Yes,Haryana,14,,Yes,No,No,,No,No,No,No,No,No,No,No,Two Year,No,Bank Withdrawal,19.2,0
31476-TEL,Male,42,Yes,Telangana,5,Deal 5,Yes,No,No,,No,No,No,No,No,No,No,No,Month-to-Month,No,Credit Card,19.95,1
31601-DEL,Female,31,Yes,Delhi,2,,Yes,No,No,,No,No,No,No,No,No,No,No,Month-to-Month,No,Credit Card,19.65,0
31918-KAR,Female,37,No,Karnataka,15,,No,No,Yes,Cable,Yes,No,Yes,Yes,No,No,No,Yes,Month-to-Month,No,Credit Card,41.35,0
32063-UTT,Female,63,Yes,Uttar Pradesh,6,Deal 5,Yes,No,No,,No,No,No,No,No,No,No,No,Month-to-Month,Yes,Credit Card,19.0,1
32080-WES,Male,33,Yes,West Bengal,1,,Yes,No,No,,No,No,No,No,No,No,No,No,Month-to-Month,Yes,Credit Card,19.6,0
32375-UTT,Female,23,Yes,Uttar Pradesh,1,,Yes,No,No,,No,No,No,No,No,No,No,No,Month-to-Month,No,Mailed Check,20.9,0
32563-KAR,Female,34,Yes,Karnataka,3,,Yes,No,Yes,Fiber Optic,No,No,No,No,No,No,No,No,Month-to-Month,Yes,Bank Withdrawal,69.8,1
32586-UTT,Female,25,No,Uttar Pradesh,15,,Yes,Yes,No,,No,No,No,No,No,No,No,No,Month-to-Month,Yes,Credit Card,-8.0,0
32587-UTT,Female,30,No,Uttar Pradesh,1,,Yes,No,Yes,Cable,No,No,No,No,No,No,No,Yes,Month-to-Month,No,Credit Card,45.45,0
32966-HAR,Female,23,No,Haryana,3,,Yes,No,No,,No,No,No,No,No,No,No,No,Month-to-Month,No,Bank Withdrawal,19.2,0
33472-HAR,Female,77,No,Haryana,0,,Yes,No,Yes,Fiber Optic,No,No,Yes,No,No,No,No,Yes,Two Year,No,Bank Withdrawal,73.85,0
33565-UTT,Male,72,Yes,Uttar Pradesh,7,,Yes,Yes,Yes,Fiber Optic,No,No,No,No,No,No,No,Yes,Two Year,No,Bank Withdrawal,74.3,0
33621-MAD,Female,42,No,Madhya Pradesh,13,Deal 5,Yes,No,Yes,Fiber Optic,No,No,No,No,No,No,No,No,Month-to-Month,Yes,Bank Withdrawal,70.35,1
33773-UTT,Male,58,Yes,Uttar Pradesh,3,Deal 5,Yes,No,No,,No,No,No,No,No,No,No,No,Month-to-Month,No,Credit Card,20.6,0
33776-BIH,Male,32,Yes,Bihar,6,,Yes,No,No,,No,No,No,No,No,No,No,No,Month-to-Month,No,Credit Card,19.2,0
33910-TEL,Female,63,No,Telangana,4,,Yes,No,No,,No,No,No,No,No,No,No,No,Month-to-Month,No,Bank Withdrawal,19.55,1
34024-AND,Female,45,Yes,Andhra Pradesh,4,,Yes,No,No,,No,No,No,No,No,No,No,No,Month-to-Month,No,Credit Card,20.05,0
34101-TAM,Female,41,No,Tamil Nadu,5,,Yes,No,No,,No,No,No,No,No,No,No,No,Month-to-Month,No,Bank Withdrawal,20.2,0
34110-MAH,Female,20,Yes,Maharashtra,6,,Yes,Yes,Yes,Cable,No,No,No,No,No,No,No,Yes,Month-to-Month,Yes,Bank Withdrawal,50.1,1
34169-RAJ,Male,51,Yes,Rajasthan,14,Deal 5,Yes,Yes,No,,No,No,No,No,No,No,No,No,Month-to-Month,No,Credit Card,24.85,0
34319-UTT,Male,40,Yes,Uttar Pradesh,12,Deal 5,Yes,No,Yes,DSL,No,Yes,No,No,No,No,No,Yes,Month-to-Month,Yes,Credit Card,50.15,1
34713-KER,Male,58,Yes,Kerala,1,Deal 5,Yes,Yes,Yes,Fiber Optic,Yes,No,No,No,No,Yes,Yes,Yes,Month-to-Month,No,Credit Card,90.75,0
35075-PUN,Male,64,Yes,Punjab,5,,Yes,No,Yes,Cable,No,No,Yes,Yes,No,No,No,Yes,Month-to-Month,No,Credit Card,55.05,0
35606-BIH,Male,76,Yes,Bihar,12,Deal 5,Yes,No,Yes,Fiber Optic,No,No,Yes,No,No,No,No,No,One Year,No,Credit Card,75.05,0
35635-TEL,Female,26,Yes,Telangana,10,,Yes,No,No,,No,No,No,No,No,No,No,No,Month-to-Month,No,Mailed Check,20.4,0
35658-JHA,Male,35,No,Jharkhand,2,,Yes,No,No,,No,No,No,No,No,No,No,No,Month-to-Month,No,Mailed Check,20.45,0
35995-PUN,Female,34,No,Punjab,3,,Yes,No,No,,No,No,No,No,No,No,No,No,Month-to-Month,No,Mailed Check,20.0,0
36017-TAM,Female,52,Yes,Tamil Nadu,15,,Yes,No,No,,No,No,No,No,No,No,No,No,Month-to-Month,No,Credit Card,19.55,0
36284-ODI,Male,43,Yes,Odisha,4,,Yes,No,Yes,DSL,No,No,No,No,No,No,No,Yes,Month-to-Month,No,Bank Withdrawal,44.55,0
36323-UTT,Female,48,No,Uttar Pradesh,14,,Yes,No,No,,No,No,No,No,No,No,No,No,One Year,No,Bank Withdrawal,20.5,0
36339-UTT,Female,54,No,Uttar Pradesh,14,Deal 5,Yes,No,No,,No,No,No,No,No,No,No,No,Month-to-Month,Yes,Credit Card,19.9,0
36483-KAR,Male,42,No,Karnataka,2,,Yes,No,No,,No,No,No,No,No,No,No,No,Month-to-Month,No,Credit Card,19.75,0
36628-GUJ,Female,44,Yes,Gujarat,7,Deal 5,Yes,No,Yes,Fiber Optic,Yes,No,No,Yes,No,No,No,Yes,Month-to-Month,Yes,Bank Withdrawal,80.15,0
37131-MAH,Male,52,No,Maharashtra,6,,Yes,No,Yes,Fiber Optic,No,No,No,No,Yes,Yes,Yes,Yes,Month-to-Month,Yes,Bank Withdrawal,89.25,1
38452-MAH,Female,34,No,Maharashtra,6,Deal 5,Yes,No,Yes,DSL,Yes,No,No,No,No,No,No,Yes,Month-to-Month,No,Bank Withdrawal,47.95,1
38577-BIH,Female,30,Yes,Bihar,6,,Yes,No,Yes,DSL,No,No,No,No,No,No,No,Yes,Month-to-Month,Yes,Bank Withdrawal,44.5,1
38663-UTT,Male,42,No,Uttar Pradesh,7,Deal 5,Yes,No,No,,No,No,No,No,No,No,No,No,Month-to-Month,No,Credit Card,20.3,0
38748-AND,Female,22,Yes,Andhra Pradesh,13,,Yes,No,No,,No,No,No,No,No,No,No,No,Month-to-Month,No,Bank Withdrawal,19.65,0
38779-HAR,Female,25,No,Haryana,13,,Yes,No,No,,No,No,No,No,No,No,No,No,Month-to-Month,Yes,Credit Card,20.05,0
38920-PUN,Female,50,No,Punjab,8,,Yes,No,Yes,Cable,No,No,No,No,No,No,No,No,Month-to-Month,Yes,Bank Withdrawal,43.85,1
39128-PUN,Male,36,No,Punjab,15,Deal 5,Yes,No,Yes,DSL,No,No,No,No,No,No,No,No,Month-to-Month,Yes,Bank Withdrawal,44.75,1
39332-TEL,Female,44,Yes,Telangana,6,,Yes,No,Yes,Fiber Optic,No,No,No,No,Yes,No,No,No,Month-to-Month,Yes,Bank Withdrawal,80.55,1
39540-BIH,Female,34,No,Bihar,12,,Yes,No,Yes,Cable,No,No,No,Yes,No,No,No,Yes,Month-to-Month,No,Credit Card,49.05,0
39623-HAR,Female,85,No,Haryana,2,Deal 5,Yes,No,Yes,Fiber Optic,No,Yes,No,No,No,No,No,No,Month-to-Month,Yes,Bank Withdrawal,74.6,1
39764-UTT,Female,39,Yes,Uttar Pradesh,5,,Yes,No,No,,No,No,No,No,No,No,No,No,Month-to-Month,No,Credit Card,19.35,0
39866-MAH,Female,24,No,Maharashtra,1,Deal 5,Yes,No,Yes,DSL,No,No,No,No,No,No,No,No,Month-to-Month,No,Bank Withdrawal,45.55,1
41196-MAH,Female,29,Yes,Maharashtra,11,Deal 5,Yes,No,Yes,DSL,No,No,No,No,No,No,No,No,Month-to-Month,Yes,Bank Withdrawal,45.0,1
41235-WES,Female,37,No,West Bengal,8,Deal 5,Yes,No,Yes,DSL,No,No,No,No,No,No,No,Yes,Month-to-Month,Yes,Bank Withdrawal,44.8,1
41348-BIH,Female,64,No,Bihar,14,,Yes,No,Yes,Fiber Optic,No,No,No,No,Yes,No,No,Yes,Two Year,No,Credit Card,81.5,0
41427-HAR,Male,37,No,Haryana,13,Deal 5,Yes,No,No,,No,No,No,No,No,No,No,No,Month-to-Month,No,Bank Withdrawal,20.2,0
41500-KAR,Male,31,No,Karnataka,1,Deal 5,Yes,No,No,,No,No,No,No,No,No,No,No,Month-to-Month,No,Credit Card,19.85,0
41795-UTT,Female,58,No,Uttar Pradesh,5,,Yes,No,No,,No,No,No,No,No,No,No,No,Month-to-Month,No,Credit Card,19.75,0
42029-TAM,Male,32,Yes,Tamil Nadu,3,,Yes,No,No,,No,No,No,No,No,No,No,No,Month-to-Month,Yes,Bank Withdrawal,20.5,0
42089-MAH,Female,32,No,Maharashtra,2,Deal 5,Yes,No,No,,No,No,No,No,No,No,No,No,Month-to-Month,No,Credit Card,20.7,0
42358-BIH,Female,53,No,Bihar,9,,Yes,No,Yes,DSL,No,No,No,No,Yes,No,No,Yes,Month-to-Month,Yes,Bank Withdrawal,54.2,1
42574-ASS,Female,25,No,Assam,5,,Yes,No,No,,No,No,No,No,No,No,No,No,Month-to-Month,No,Credit Card,19.55,0
42768-TAM,Female,45,No,Tamil Nadu,13,,Yes,No,No,,No,No,No,No,No,No,No,No,Month-to-Month,No,Credit Card,19.4,0
42864-ODI,Female,29,No,Odisha,2,Deal 5,No,No,Yes,DSL,No,Yes,No,No,No,No,No,Yes,Month-to-Month,Yes,Mailed Check,30.25,1
43297-MAH,Male,60,No,Maharashtra,12,,Yes,No,Yes,Cable,No,No,No,Yes,No,No,No,No,Month-to-Month,Yes,Credit Card,50.2,0
43604-TAM,Female,18,No,Tamil Nadu,14,Deal 5,Yes,No,No,,No,No,No,No,No,No,No,No,One Year,No,Mailed Check,19.65,0
43877-PUN,Male,23,No,Punjab,6,,Yes,No,Yes,DSL,No,No,Yes,No,No,Yes,Yes,Yes,Month-to-Month,No,Bank Withdrawal,60.85,0
43908-WES,Male,36,No,West Bengal,3,,Yes,No,Yes,Fiber Optic,No,No,No,No,No,No,No,Yes,Month-to-Month,No,Bank Withdrawal,70.35,1
43920-RAJ,Female,38,No,Rajasthan,9,Deal 5,Yes,No,Yes,Cable,Yes,No,No,No,No,No,No,Yes,Month-to-Month,No,Credit Card,49.9,1
44202-TEL,Female,50,Yes,Telangana,9,,Yes,No,Yes,Fiber Optic,No,No,No,No,No,No,No,Yes,Month-to-Month,Yes,Credit Card,69.95,0
44208-AND,Female,25,Yes,Andhra Pradesh,2,,Yes,Yes,Yes,DSL,No,Yes,Yes,No,Yes,No,No,No,Month-to-Month,Yes,Bank Withdrawal,69.15,0
44655-TEL,Male,41,Yes,Telangana,0,,Yes,No,Yes,DSL,No,No,No,Yes,No,No,No,Yes,Month-to-Month,Yes,Mailed Check,50.5,1
44693-UTT,Female,53,No,Uttar Pradesh,11,,Yes,No,No,,No,No,No,No,No,No,No,No,One Year,No,Credit Card,20.3,0
44700-DEL,Female,48,No,Delhi,10,Deal 5,Yes,Yes,Yes,Fiber Optic,No,No,No,No,Yes,No,No,No,Month-to-Month,Yes,Bank Withdrawal,84.6,1
44709-WES,Female,72,Yes,West Bengal,7,,No,No,Yes,DSL,No,Yes,No,No,No,No,No,Yes,Month-to-Month,Yes,Bank Withdrawal,30.75,1
45038-BIH,Female,25,Yes,Bihar,7,,Yes,No,Yes,Fiber Optic,Yes,No,No,No,No,No,No,Yes,Month-to-Month,Yes,Bank Withdrawal,74.55,1
45213-AND,Female,25,Yes,Andhra Pradesh,15,Deal 5,Yes,No,Yes,Cable,Yes,No,No,No,No,Yes,Yes,Yes,Month-to-Month,Yes,Credit Card,61.2,0
45561-MAH,Female,44,Yes,Maharashtra,6,Deal 5,Yes,No,No,,No,No,No,No,No,No,No,No,Month-to-Month,Yes,Mailed Check,20.0,1
45672-TAM,Female,29,No,Tamil Nadu,0,,Yes,No,No,,No,No,No,No,No,No,No,No,Month-to-Month,No,Mailed Check,20.2,1
45771-KAR,Female,50,No,Karnataka,3,,Yes,No,Yes,DSL,No,No,No,No,No,No,No,Yes,Month-to-Month,No,Credit Card,44.45,0
45978-GUJ,Female,38,Yes,Gujarat,2,,Yes,No,No,,No,No,No,No,No,No,No,No,Month-to-Month,No,Credit Card,20.75,0
46004-TAM,Male,25,Yes,Tamil Nadu,1,,Yes,No,Yes,DSL,No,No,No,Yes,Yes,Yes,Yes,Yes,Month-to-Month,No,Bank Withdrawal,-8.0,0
46081-TAM,Male,41,Yes,Tamil Nadu,14,,Yes,No,Yes,DSL,No,No,No,No,No,No,No,Yes,Month-to-Month,No,Credit Card,45.15,0
46190-GUJ,Male,27,Yes,Gujarat,0,Deal 5,Yes,No,Yes,DSL,No,No,No,No,No,Yes,Yes,No,Month-to-Month,No,Mailed Check,55.55,1
46378-MAH,Female,59,Yes,Maharashtra,15,,Yes,No,Yes,Fiber Optic,No,No,No,No,No,No,No,Yes,Month-to-Month,Yes,Credit Card,70.4,0
46479-GUJ,Male,41,Yes,Gujarat,0,,Yes,No,Yes,DSL,Yes,Yes,No,Yes,No,Yes,Yes,Yes,Two Year,No,Credit Card,71.1,0
46571-HAR,Female,65,Yes,Haryana,8,Deal 5,Yes,Yes,Yes,Fiber Optic,No,No,No,No,No,Yes,No,Yes,Two Year,Yes,Bank Withdrawal,84.05,0
46619-RAJ,Male,25,No,Rajasthan,1,,Yes,No,No,,No,No,No,No,No,No,No,No,One Year,No,Credit Card,20.4,0
46730-ASS,Female,18,No,Assam,5,Deal 5,Yes,No,Yes,Fiber Optic,No,Yes,No,No,No,No,No,Yes,Month-to-Month,Yes,Bank Withdrawal,74.75,1
46792-MAD,Female,59,Yes,Madhya Pradesh,6,Deal 5,No,No,Yes,DSL,No,No,Yes,Yes,No,No,No,Yes,Month-to-Month,No,Credit Card,35.9,0
46865-PUN,Female,18,No,Punjab,11,Deal 5,Yes,Yes,Yes,Fiber Optic,No,Yes,No,No,No,No,No,Yes,Month-to-Month,Yes,Bank Withdrawal,79.45,1
47133-ODI,Female,60,Yes,Odisha,15,,Yes,No,Yes,Cable,No,No,No,No,No,No,No,Yes,Month-to-Month,No,Bank Withdrawal,44.6,0
47492-AND,Female,30,Yes,Andhra Pradesh,15,Deal 5,Yes,No,No,,No,No,No,No,No,No,No,No,Month-to-Month,Yes,Bank Withdrawal,20.15,0
47611-WES,Male,25,No,West Bengal,4,,Yes,No,Yes,DSL,No,No,No,No,No,Yes,Yes,No,Month-to-Month,Yes,Bank Withdrawal,55.25,0
47624-TAM,Female,62,Yes,Tamil Nadu,7,,Yes,No,Yes,DSL,No,No,No,No,No,Yes,Yes,Yes,Month-to-Month,No,Mailed Check,-5.0,1
47737-UTT,Male,42,No,Uttar Pradesh,15,,Yes,No,No,,No,No,No,No,No,No,No,No,Month-to-Month,No,Credit Card,19.65,0
47957-GUJ,Female,26,No,Gujarat,4,Deal 5,Yes,No,No,,No,No,No,No,No,No,No,No,Month-to-Month,Yes,Credit Card,20.45,0
48018-RAJ,Male,39,No,Rajasthan,1,,Yes,No,No,,No,No,No,No,No,No,No,No,Month-to-Month,No,Credit Card,19.55,0
48051-GUJ,Female,49,Yes,Gujarat,0,,No,No,Yes,DSL,No,No,No,No,No,No,No,Yes,One Year,No,Credit Card,25.85,0
48307-WES,Female,56,No,West Bengal,4,Deal 5,Yes,No,Yes,Cable,No,No,Yes,No,Yes,Yes,Yes,No,One Year,Yes,Bank Withdrawal,69.95,0
48939-BIH,Female,38,Yes,Bihar,1,,Yes,No,Yes,DSL,No,Yes,No,No,No,No,No,Yes,Month-to-Month,No,Bank Withdrawal,49.95,0
49201-GUJ,Female,37,No,Gujarat,11,,No,No,Yes,DSL,Yes,No,No,No,No,No,No,Yes,Month-to-Month,No,Credit Card,29.9,0
49265-BIH,Female,18,Yes,Bihar,4,Deal 5,Yes,No,Yes,Cable,Yes,No,Yes,No,No,No,Yes,Yes,Month-to-Month,No,Credit Card,55.9,0
49273-PUD,Female,45,Yes,Puducherry,11,Deal 5,Yes,No,Yes,DSL,Yes,Yes,No,Yes,No,No,No,Yes,Two Year,No,Mailed Check,59.5,0
49304-KAR,Female,32,Yes,Karnataka,6,,Yes,Yes,Yes,DSL,No,No,No,No,No,No,No,Yes,Month-to-Month,Yes,Credit Card,49.8,0
51214-MAH,Male,28,No,Maharashtra,12,,Yes,No,Yes,Fiber Optic,No,No,Yes,No,No,No,No,No,Month-to-Month,Yes,Credit Card,73.6,0
51597-MAD,Female,26,Yes,Madhya Pradesh,10,,Yes,No,No,,No,No,No,No,No,No,No,No,Month-to-Month,No,Credit Card,19.9,0
51657-TAM,Male,54,No,Tamil Nadu,13,,Yes,No,No,,No,No,No,No,No,No,No,No,Month-to-Month,No,Credit Card,20.85,0
51751-KER,Female,62,No,Kerala,9,,Yes,No,Yes,Fiber Optic,No,No,No,No,No,No,No,Yes,Month-to-Month,Yes,Bank Withdrawal,70.15,1
51961-BIH,Male,47,No,Bihar,9,Deal 5,Yes,No,Yes,DSL,Yes,No,No,No,No,No,No,Yes,Month-to-Month,No,Credit Card,50.95,0
52279-TAM,Male,53,No,Tamil Nadu,15,Deal 5,Yes,No,Yes,Fiber Optic,No,No,No,No,Yes,No,No,Yes,Month-to-Month,Yes,Bank Withdrawal,80.7,1
52403-WES,Female,66,Yes,West Bengal,9,,Yes,No,Yes,Fiber Optic,No,No,No,No,No,No,No,No,Two Year,Yes,Bank Withdrawal,71.25,0
52641-JHA,Female,44,Yes,Jharkhand,7,,Yes,No,Yes,Fiber Optic,No,No,No,No,No,No,No,Yes,Month-to-Month,No,Mailed Check,71.1,1
52695-UTT,Female,52,No,Uttar Pradesh,14,,Yes,No,No,,No,No,No,No,No,No,No,No,Month-to-Month,No,Credit Card,20.35,0
53186-HAR,Male,74,Yes,Haryana,10,Deal 5,Yes,No,Yes,DSL,No,No,No,No,No,No,No,Yes,One Year,No,Bank Withdrawal,45.25,0
53295-WES,Female,35,No,West Bengal,7,Deal 5,Yes,Yes,No,,No,No,No,No,No,No,No,No,Month-to-Month,Yes,Bank Withdrawal,25.7,0
53350-TEL,Male,37,Yes,Telangana,6,,Yes,Yes,Yes,Fiber Optic,No,No,No,No,No,No,No,Yes,Month-to-Month,No,Bank Withdrawal,74.5,1
53449-MAH,Female,52,No,Maharashtra,8,,Yes,No,No,,No,No,No,No,No,No,No,No,Month-to-Month,No,Credit Card,19.9,0
53612-UTT,Female,39,Yes,Uttar Pradesh,8,,Yes,No,No,,No,No,No,No,No,No,No,No,Month-to-Month,No,Credit Card,20.85,0
53764-WES,Male,36,No,West Bengal,10,,No,No,Yes,Cable,No,No,No,No,No,No,No,Yes,Month-to-Month,Yes,Credit Card,24.9,1
53815-BIH,Female,36,No,Bihar,2,,Yes,No,No,,No,No,No,No,No,No,No,No,Month-to-Month,No,Credit Card,19.7,0
54172-RAJ,Female,64,Yes,Rajasthan,0,Deal 5,Yes,Yes,Yes,DSL,No,Yes,No,No,No,No,No,Yes,Month-to-Month,Yes,Credit Card,56.55,0
54195-MAH,Female,61,Yes,Maharashtra,11,,Yes,No,No,,No,No,No,No,No,No,No,No,Month-to-Month,No,Bank Withdrawal,19.75,1
54564-AND,Female,55,Yes,Andhra Pradesh,11,,Yes,Yes,Yes,Fiber Optic,No,No,No,No,No,No,No,Yes,Month-to-Month,No,Bank Withdrawal,76.1,1
54598-TAM,Male,59,No,Tamil Nadu,11,,Yes,No,No,,No,No,No,No,No,No,No,No,Month-to-Month,No,Credit Card,19.75,0
54997-UTT,Female,55,No,Uttar Pradesh,7,,Yes,No,Yes,DSL,No,No,No,No,No,No,No,Yes,Month-to-Month,Yes,Credit Card,44.0,1
55043-UTT,Male,43,Yes,Uttar Pradesh,8,,Yes,No,Yes,Fiber Optic,No,No,No,No,No,No,No,No,Month-to-Month,Yes,Bank Withdrawal,69.9,1
55757-KAR,Female,32,Yes,Karnataka,2,Deal 5,Yes,No,Yes,Cable,No,No,Yes,Yes,No,No,No,Yes,Month-to-Month,Yes,Mailed Check,55.8,1
55831-TAM,Male,43,No,Tamil Nadu,11,Deal 5,Yes,No,No,,No,No,No,No,No,No,No,No,Month-to-Month,No,Mailed Check,19.95,1
56256-UTT,Male,40,No,Uttar Pradesh,14,,Yes,No,Yes,Fiber Optic,No,No,No,No,No,No,No,Yes,Month-to-Month,Yes,Credit Card,70.3,1
56460-MAH,Male,38,Yes,Maharashtra,12,Deal 5,Yes,No,Yes,Fiber Optic,No,No,No,No,No,No,No,No,Month-to-Month,No,Credit Card,-1.0,0
56554-RAJ,Female,29,Yes,Rajasthan,0,Deal 5,Yes,No,No,,No,No,No,No,No,No,No,No,Month-to-Month,Yes,Credit Card,19.75,0
56728-RAJ,Male,40,No,Rajasthan,0,,Yes,No,Yes,DSL,No,No,No,No,No,No,No,Yes,Month-to-Month,No,Credit Card,45.6,0
57012-TAM,Female,78,Yes,Tamil Nadu,11,Deal 5,Yes,No,Yes,DSL,No,No,No,No,No,No,No,Yes,Two Year,No,Bank Withdrawal,45.2,0
57256-BIH,Female,18,No,Bihar,9,,Yes,No,No,,No,No,No,No,No,No,No,No,Month-to-Month,No,Credit Card,19.85,0
57457-MAD,Female,46,No,Madhya Pradesh,14,,Yes,No,No,,No,No,No,No,No,No,No,No,Month-to-Month,No,Mailed Check,20.0,0
58044-KAR,Female,31,No,Karnataka,5,Deal 5,Yes,No,No,,No,No,No,No,No,No,No,No,Month-to-Month,No,Credit Card,20.35,0
58577-ODI,Female,44,Yes,Odisha,7,Deal 5,Yes,No,Yes,DSL,No,No,No,No,No,No,No,Yes,Month-to-Month,Yes,Credit Card,45.85,1
58848-PUN,Male,58,Yes,Punjab,14,,Yes,No,Yes,Cable,Yes,No,No,No,No,No,No,Yes,Month-to-Month,Yes,Credit Card,49.8,0
58974-MAD,Male,34,No,Madhya Pradesh,11,,Yes,No,No,,No,No,No,No,No,No,No,No,Month-to-Month,No,Credit Card,20.3,0
59750-AND,Female,49,Yes,Andhra Pradesh,11,,Yes,Yes,Yes,Fiber Optic,No,No,No,No,No,No,No,Yes,Month-to-Month,Yes,Credit Card,74.9,1
61025-MAH,Female,45,No,Maharashtra,4,Deal 5,Yes,No,Yes,DSL,No,No,Yes,No,No,No,No,Yes,Month-to-Month,Yes,Bank Withdrawal,49.85,1
61203-PUN,Female,19,No,Punjab,11,,Yes,Yes,Yes,Cable,No,No,No,Yes,Yes,No,No,Yes,Month-to-Month,No,Bank Withdrawal,64.6,0
61331-UTT,Male,36,Yes,Uttarakhand,2,Deal 5,Yes,No,Yes,DSL,Yes,No,No,No,No,No,No,Yes,Month-to-Month,Yes,Credit Card,50.75,0
61474-TEL,Male,52,Yes,Telangana,11,,Yes,No,No,,No,No,No,No,No,No,No,No,Month-to-Month,No,Credit Card,20.35,0
62359-AND,Female,48,Yes,Andhra Pradesh,5,Deal 5,No,No,Yes,Cable,No,Yes,No,Yes,No,No,No,No,Month-to-Month,No,Credit Card,33.6,0
62497-BIH,Female,20,No,Bihar,0,Deal 5,Yes,No,No,,No,No,No,No,No,No,No,No,Month-to-Month,Yes,Credit Card,20.75,0
62535-AND,Male,42,No,Andhra Pradesh,8,Deal 5,Yes,No,Yes,Cable,No,No,No,Yes,Yes,Yes,Yes,Yes,Month-to-Month,No,Credit Card,70.7,1
62842-HAR,Male,33,Yes,Haryana,11,,Yes,No,No,,No,No,No,No,No,No,No,No,Month-to-Month,No,Credit Card,19.3,0
62968-UTT,Female,18,No,Uttar Pradesh,4,,Yes,No,Yes,Cable,No,No,No,Yes,No,Yes,Yes,Yes,Month-to-Month,Yes,Credit Card,59.55,0
63464-AND,Male,48,No,Andhra Pradesh,7,,Yes,No,Yes,DSL,No,No,No,Yes,No,Yes,Yes,Yes,Month-to-Month,No,Credit Card,60.65,1
63487-MAH,Female,36,Yes,Maharashtra,8,,Yes,No,Yes,Cable,No,No,No,No,No,No,No,Yes,Month-to-Month,No,Credit Card,44.75,0
63883-KAR,Female,33,Yes,Karnataka,12,,Yes,No,No,,No,No,No,No,No,No,No,No,Month-to-Month,Yes,Mailed Check,20.45,0
64095-BIH,Male,27,No,Bihar,2,,Yes,No,No,,No,No,No,No,No,No,No,No,One Year,Yes,Bank Withdrawal,-3.0,0
64327-AND,Female,59,Yes,Andhra Pradesh,8,,Yes,No,No,,No,No,No,No,No,No,No,No,Month-to-Month,Yes,Credit Card,20.65,0
65405-MAH,Female,65,Yes,Maharashtra,7,,Yes,No,No,,No,No,No,No,No,No,No,No,One Year,No,Mailed Check,20.25,0
65531-MAH,Female,55,No,Maharashtra,10,,Yes,No,No,,No,No,No,No,No,No,No,No,Month-to-Month,No,Credit Card,19.8,0
65580-UTT,Male,54,No,Uttar Pradesh,6,,Yes,No,No,,No,No,No,No,No,No,No,No,Month-to-Month,Yes,Credit Card,19.1,0
65987-TAM,Male,52,Yes,Tamil Nadu,9,Deal 5,Yes,Yes,Yes,DSL,Yes,Yes,No,No,No,No,No,Yes,Month-to-Month,No,Bank Withdrawal,61.15,0
66164-CHH,Female,62,No,Chhattisgarh,13,,Yes,No,No,,No,No,No,No,No,No,No,No,Month-to-Month,No,Credit Card,19.4,0
66413-TAM,Female,53,No,Tamil Nadu,12,,Yes,No,Yes,Fiber Optic,No,No,No,No,Yes,No,No,No,Month-to-Month,Yes,Bank Withdrawal,80.5,1
66612-KAR,Female,58,Yes,Karnataka,11,,Yes,No,No,,No,No,No,No,No,No,No,No,Month-to-Month,No,Credit Card,19.95,0
66669-HAR,Male,44,No,Haryana,12,Deal 5,Yes,No,Yes,Cable,No,No,No,No,No,No,No,Yes,Month-to-Month,Yes,Bank Withdrawal,44.05,0
66712-GUJ,Female,47,Yes,Gujarat,6,Deal 5,Yes,No,Yes,Fiber Optic,No,Yes,No,No,No,Yes,Yes,Yes,Month-to-Month,No,Bank Withdrawal,84.3,1
66749-KER,Female,47,No,Kerala,9,,Yes,No,No,,No,No,No,No,No,No,No,No,Month-to-Month,No,Credit Card,20.75,0
66766-UTT,Female,38,No,Uttar Pradesh,6,Deal 5,Yes,Yes,Yes,Fiber Optic,No,No,No,No,No,No,No,Yes,Month-to-Month,Yes,Bank Withdrawal,74.95,1
66868-HAR,Female,25,Yes,Haryana,13,,Yes,No,Yes,Fiber Optic,No,No,No,No,No,No,No,No,Month-to-Month,Yes,Bank Withdrawal,70.25,1
67752-MAH,Female,28,No,Maharashtra,0,,Yes,No,Yes,Cable,No,No,No,No,No,No,No,Yes,Month-to-Month,No,Credit Card,45.3,0
67882-UTT,Female,44,No,Uttar Pradesh,3,Deal 5,Yes,No,Yes,DSL,No,No,No,No,No,No,No,Yes,Month-to-Month,No,Bank Withdrawal,43.8,0
67941-PUN,Female,46,No,Punjab,9,Deal 5,Yes,Yes,Yes,DSL,No,Yes,No,No,No,No,No,No,Month-to-Month,No,Credit Card,54.15,0
67994-MAD,Male,75,Yes,Madhya Pradesh,12,Deal 5,Yes,No,Yes,DSL,No,No,No,No,No,No,No,Yes,Two Year,No,Bank Withdrawal,46.3,0
68556-MAH,Male,68,No,Maharashtra,4,,Yes,No,No,,No,No,No,No,No,No,No,No,Month-to-Month,No,Credit Card,20.2,0
68826-MAH,Male,48,No,Maharashtra,14,,No,No,Yes,Cable,No,No,No,No,No,No,No,No,Month-to-Month,Yes,Bank Withdrawal,24.7,1
71183-TAM,Female,39,No,Tamil Nadu,1,,Yes,No,No,,No,No,No,No,No,No,No,No,One Year,No,Credit Card,19.6,0
71197-PUN,Female,38,No,Punjab,0,Deal 5,Yes,No,Yes,Cable,Yes,No,Yes,No,Yes,Yes,Yes,Yes,Month-to-Month,Yes,Bank Withdrawal,77.4,0
71210-WES,Female,58,No,West Bengal,15,,Yes,No,No,,No,No,No,No,No,No,No,No,Month-to-Month,No,Credit Card,19.85,0
71234-HAR,Female,44,No,Haryana,10,,Yes,No,No,,No,No,No,No,No,No,No,No,Month-to-Month,Yes,Credit Card,19.4,0
71261-TAM,Female,59,No,Tamil Nadu,2,,Yes,No,Yes,Cable,Yes,Yes,No,Yes,No,Yes,Yes,Yes,Month-to-Month,Yes,Bank Withdrawal,70.45,0
71509-HAR,Female,40,No,Haryana,3,,Yes,No,Yes,DSL,No,No,No,No,Yes,No,No,Yes,Month-to-Month,Yes,Bank Withdrawal,54.65,1
71564-KAR,Female,48,No,Karnataka,6,,Yes,No,No,,No,No,No,No,No,No,No,No,Month-to-Month,No,Credit Card,19.05,0
71689-PUN,Female,42,Yes,Punjab,3,,Yes,No,Yes,DSL,No,No,No,No,No,No,No,Yes,Month-to-Month,No,Credit Card,43.95,0
71752-TEL,Female,51,No,Telangana,4,Deal 5,Yes,No,No,,No,No,No,No,No,No,No,No,Month-to-Month,No,Bank Withdrawal,19.9,1
72275-GUJ,Female,45,Yes,Gujarat,8,,Yes,No,No,,No,No,No,No,No,No,No,No,One Year,No,Credit Card,19.95,0
72357-MAD,Female,53,No,Madhya Pradesh,14,Deal 5,Yes,No,Yes,DSL,No,No,No,No,No,No,No,Yes,Month-to-Month,Yes,Credit Card,44.3,1
72391-UTT,Male,35,No,Uttar Pradesh,1,,No,No,Yes,DSL,No,No,No,No,No,Yes,Yes,Yes,Month-to-Month,No,Bank Withdrawal,35.0,1
72469-MAD,Male,56,No,Madhya Pradesh,9,,Yes,No,Yes,Cable,Yes,No,Yes,No,No,No,No,Yes,Month-to-Month,No,Credit Card,55.7,0
72971-TAM,Female,81,No,Tamil Nadu,6,,Yes,No,Yes,Fiber Optic,No,No,No,Yes,No,No,No,Yes,One Year,No,Bank Withdrawal,74.7,0
73044-KAR,Male,23,Yes,Karnataka,15,,Yes,No,Yes,Fiber Optic,No,Yes,No,No,No,No,No,Yes,Month-to-Month,No,Credit Card,74.6,0
73108-GUJ,Female,38,Yes,Gujarat,6,,Yes,No,No,,No,No,No,No,No,No,No,No,Month-to-Month,No,Credit Card,20.25,0
73547-KAR,Female,43,Yes,Karnataka,13,,Yes,Yes,Yes,Fiber Optic,No,No,No,No,Yes,No,No,Yes,Month-to-Month,Yes,Bank Withdrawal,84.05,1
74033-ASS,Female,45,Yes,Assam,15,,No,No,Yes,Cable,No,No,No,No,No,No,No,Yes,Month-to-Month,No,Bank Withdrawal,25.25,1
74378-KAR,Female,37,Yes,Karnataka,12,,Yes,No,Yes,DSL,Yes,No,No,Yes,No,No,No,Yes,Month-to-Month,Yes,Credit Card,54.45,0
74518-ODI,Female,27,No,Odisha,13,Deal 5,Yes,No,Yes,DSL,No,No,No,No,No,No,No,Yes,Month-to-Month,No,Bank Withdrawal,44.45,0
74651-WES,Female,30,Yes,West Bengal,7,,No,No,Yes,DSL,No,Yes,No,No,No,No,No,Yes,Month-to-Month,No,Credit Card,29.2,0
74804-WES,Female,46,No,West Bengal,0,,Yes,No,Yes,Fiber Optic,No,No,No,No,No,No,No,No,Month-to-Month,Yes,Credit Card,69.6,1
74978-MAH,Female,28,Yes,Maharashtra,1,,Yes,No,No,,No,No,No,No,No,No,No,No,Month-to-Month,No,Bank Withdrawal,19.75,0
74979-MAD,Female,49,Yes,Madhya Pradesh,10,Deal 5,No,No,Yes,Cable,No,No,No,Yes,No,No,No,Yes,Month-to-Month,No,Bank Withdrawal,29.05,1
75058-TEL,Female,59,No,Telangana,6,,Yes,No,Yes,DSL,No,No,Yes,Yes,Yes,Yes,Yes,Yes,One Year,No,Credit Card,74.1,0
75641-PUN,Male,77,No,Punjab,9,,Yes,No,Yes,Fiber Optic,No,Yes,No,No,Yes,No,No,Yes,Two Year,Yes,Bank Withdrawal,83.8,0
75671-PUD,Female,34,Yes,Puducherry,8,,Yes,No,Yes,Cable,No,No,No,No,No,No,No,Yes,Month-to-Month,Yes,Bank Withdrawal,45.4,1
75802-MAH,Female,61,No,Maharashtra,4,,Yes,No,No,,No,No,No,No,No,No,No,No,Month-to-Month,No,Credit Card,20.05,0
76233-BIH,Female,78,Yes,Bihar,6,Deal 5,Yes,No,Yes,Fiber Optic,No,No,No,No,No,No,No,No,Two Year,Yes,Credit Card,70.6,0
76419-KAR,Male,46,Yes,Karnataka,14,,Yes,Yes,Yes,Fiber Optic,No,No,No,No,Yes,Yes,Yes,Yes,Month-to-Month,No,Bank Withdrawal,94.9,0
77137-MAH,Male,52,No,Maharashtra,1,Deal 5,Yes,No,Yes,DSL,No,No,No,No,No,No,No,Yes,Month-to-Month,Yes,Mailed Check,45.55,1
77230-RAJ,Female,59,Yes,Rajasthan,5,,Yes,No,No,,No,No,No,No,No,No,No,No,Month-to-Month,Yes,Bank Withdrawal,19.65,0
77311-MAD,Male,47,Yes,Madhya Pradesh,9,Deal 5,Yes,No,No,,No,No,No,No,No,No,No,No,Month-to-Month,No,Credit Card,20.25,0
77658-AND,Male,44,No,Andhra Pradesh,0,Deal 5,No,No,Yes,DSL,No,No,No,No,No,No,No,Yes,Month-to-Month,Yes,Bank Withdrawal,24.4,1
77678-JHA,Female,41,Yes,Jharkhand,1,,Yes,No,Yes,DSL,Yes,No,No,No,No,No,No,Yes,Month-to-Month,No,Bank Withdrawal,49.55,1
77688-TAM,Male,35,No,Tamil Nadu,4,,Yes,No,Yes,DSL,No,No,No,Yes,No,No,No,Yes,Month-to-Month,No,Credit Card,49.0,0
77911-TEL,Female,20,No,Telangana,5,Deal 5,Yes,Yes,No,,No,No,No,No,No,No,No,No,Month-to-Month,Yes,Credit Card,23.6,0
78021-UTT,Female,45,Yes,Uttar Pradesh,12,Deal 5,Yes,Yes,No,,No,No,No,No,No,No,No,No,Month-to-Month,Yes,Credit Card,25.0,0
78220-TAM,Female,21,Yes,Tamil Nadu,14,,Yes,No,Yes,Fiber Optic,No,No,Yes,Yes,Yes,No,Yes,Yes,Month-to-Month,Yes,Credit Card,89.85,0
78253-GUJ,Male,63,No,Gujarat,13,,Yes,No,Yes,Fiber Optic,No,Yes,No,No,No,Yes,Yes,Yes,Month-to-Month,Yes,Bank Withdrawal,85.0,1
78885-TAM,Female,43,No,Tamil Nadu,2,Deal 5,Yes,No,No,,No,No,No,No,No,No,No,No,Month-to-Month,No,Credit Card,19.5,0
78918-BIH,Female,59,No,Bihar,12,Deal 5,Yes,No,Yes,Fiber Optic,Yes,No,No,No,No,Yes,Yes,Yes,Month-to-Month,Yes,Credit Card,86.05,1
78978-UTT,Male,54,No,Uttar Pradesh,0,Deal 5,Yes,No,No,,No,No,No,No,No,No,No,No,Month-to-Month,No,Credit Card,19.3,0
79168-UTT,Female,78,No,Uttar Pradesh,2,Deal 5,Yes,No,Yes,Cable,No,No,No,No,No,No,No,Yes,One Year,Yes,Bank Withdrawal,44.3,0
79342-KAR,Female,39,Yes,Karnataka,5,,Yes,No,Yes,DSL,Yes,No,No,Yes,Yes,No,No,Yes,Month-to-Month,Yes,Credit Card,64.4,0
79427-KAR,Male,67,Yes,Karnataka,12,Deal 5,Yes,No,Yes,Fiber Optic,No,No,No,No,No,No,No,Yes,Month-to-Month,No,Bank Withdrawal,70.1,1
79700-KER,Female,53,No,Kerala,5,,Yes,Yes,Yes,Fiber Optic,No,Yes,Yes,No,Yes,Yes,Yes,Yes,Month-to-Month,No,Mailed Check,107.95,1
79777-MAH,Male,77,Yes,Maharashtra,13,,Yes,Yes,Yes,Fiber Optic,No,No,No,No,No,No,No,Yes,Month-to-Month,Yes,Mailed Check,72.6,1
79905-UTT,Female,24,No,Uttar Pradesh,0,,Yes,No,No,,No,No,No,No,No,No,No,No,Month-to-Month,No,Credit Card,20.45,0
81098-GUJ,Male,31,Yes,Gujarat,13,,Yes,No,Yes,DSL,Yes,No,No,No,No,No,No,Yes,Month-to-Month,No,Credit Card,51.25,0
81118-MAD,Female,31,No,Madhya Pradesh,1,,Yes,No,Yes,Cable,No,No,No,No,No,No,No,Yes,Month-to-Month,Yes,Credit Card,45.8,1
81169-TEL,Female,62,Yes,Telangana,4,,Yes,No,No,,No,No,No,No,No,No,No,No,Month-to-Month,No,Bank Withdrawal,18.85,0
81235-JHA,Female,42,Yes,Jharkhand,9,Deal 5,Yes,No,Yes,DSL,No,No,No,No,No,No,No,Yes,Month-to-Month,Yes,Credit Card,44.9,1
81763-DEL,Male,36,Yes,Delhi,7,,Yes,No,Yes,Fiber Optic,Yes,No,Yes,No,No,No,No,Yes,Month-to-Month,Yes,Bank Withdrawal,80.45,0
82010-WES,Female,46,No,West Bengal,14,Deal 5,Yes,Yes,Yes,Fiber Optic,No,Yes,No,No,No,No,No,Yes,Month-to-Month,No,Bank Withdrawal,79.55,1
82118-JAM,Female,69,Yes,Jammu & Kashmir,3,Deal 5,No,No,Yes,Cable,No,No,No,No,No,No,No,Yes,Month-to-Month,No,Mailed Check,24.2,1
82129-JHA,Female,26,No,Jharkhand,9,Deal 5,Yes,No,Yes,DSL,No,Yes,No,No,Yes,No,No,Yes,Month-to-Month,Yes,Credit Card,58.7,0
82170-TAM,Male,41,No,Tamil Nadu,5,,Yes,No,Yes,DSL,No,No,No,No,No,No,No,Yes,Month-to-Month,No,Mailed Check,44.6,1
82427-MAH,Male,36,No,Maharashtra,15,Deal 5,Yes,No,No,,No,No,No,No,No,No,No,No,Month-to-Month,No,Credit Card,19.55,0
82473-AND,Male,63,Yes,Andhra Pradesh,10,Deal 5,No,No,Yes,DSL,No,Yes,No,No,No,No,No,Yes,Month-to-Month,No,Credit Card,29.8,1
82559-CHH,Male,34,Yes,Chhattisgarh,0,Deal 5,Yes,No,Yes,DSL,No,Yes,No,Yes,No,Yes,Yes,No,Month-to-Month,Yes,Credit Card,64.2,0
82718-TAM,Male,32,Yes,Tamil Nadu,12,,Yes,No,No,,No,No,No,No,No,No,No,No,Month-to-Month,No,Bank Withdrawal,20.7,0
82965-TEL,Female,38,No,Telangana,8,,Yes,No,Yes,Cable,No,No,No,No,No,No,No,No,Month-to-Month,No,Credit Card,44.75,0
83050-PUN,Female,25,Yes,Punjab,7,,Yes,No,No,,No,No,No,No,No,No,No,No,One Year,No,Credit Card,20.45,0
83080-HAR,Female,54,No,Haryana,9,,Yes,No,Yes,Fiber Optic,No,No,No,No,No,No,No,Yes,Month-to-Month,Yes,Bank Withdrawal,70.15,1
83113-GUJ,Male,35,No,Gujarat,8,,No,No,Yes,DSL,No,No,No,Yes,No,No,No,Yes,Month-to-Month,No,Credit Card,29.15,0
83196-UTT,Female,61,Yes,Uttar Pradesh,3,,Yes,Yes,Yes,Fiber Optic,Yes,No,No,No,No,No,No,Yes,Month-to-Month,No,Credit Card,80.55,0
83308-TAM,Male,40,No,Tamil Nadu,5,,No,No,Yes,DSL,No,Yes,No,No,No,No,No,Yes,Month-to-Month,No,Mailed Check,29.65,1
83440-GUJ,Male,53,No,Gujarat,4,,Yes,No,No,,No,No,No,No,No,No,No,No,Month-to-Month,No,Bank Withdrawal,20.0,0
83486-MAH,Male,34,No,Maharashtra,5,Deal 5,Yes,No,Yes,Fiber Optic,No,No,Yes,No,No,No,No,Yes,Month-to-Month,No,Credit Card,75.35,1
83610-BIH,Female,66,Yes,Bihar,0,Deal 5,Yes,No,Yes,Fiber Optic,No,No,Yes,No,No,No,No,Yes,Two Year,Yes,Bank Withdrawal,74.2,0
83736-UTT,Male,43,Yes,Uttar Pradesh,1,,Yes,No,Yes,DSL,No,No,No,No,No,No,No,Yes,Month-to-Month,No,Credit Card,45.35,0
83817-UTT,Male,48,No,Uttar Pradesh,8,,Yes,No,No,,No,No,No,No,No,No,No,No,Month-to-Month,Yes,Mailed Check,21.05,0
83939-AND,Female,42,No,Andhra Pradesh,8,,Yes,No,No,,No,No,No,No,No,No,No,No,Month-to-Month,No,Bank Withdrawal,20.1,0
83994-DEL,Male,48,Yes,Delhi,8,,Yes,No,Yes,Fiber Optic,No,No,No,No,Yes,Yes,Yes,Yes,Month-to-Month,No,Credit Card,90.7,1
84508-TAM,Female,28,Yes,Tamil Nadu,11,,Yes,No,No,,No,No,No,No,No,No,No,No,Month-to-Month,No,Credit Card,21.1,0
84535-TAM,Male,46,No,Tamil Nadu,2,,Yes,No,No,,No,No,No,No,No,No,No,No,Month-to-Month,No,Mailed Check,20.4,1
84577-TEL,Female,59,Yes,Telangana,11,,Yes,No,Yes,Cable,No,Yes,No,No,Yes,No,No,Yes,Month-to-Month,Yes,Bank Withdrawal,59.0,0
84613-BIH,Female,30,No,Bihar,8,Deal 5,Yes,Yes,Yes,Fiber Optic,No,Yes,No,No,No,No,No,No,Month-to-Month,Yes,Credit Card,79.15,1
84687-PUN,Female,31,No,Punjab,0,Deal 5,No,No,Yes,Cable,No,No,No,No,No,No,No,No,Month-to-Month,No,Credit Card,24.7,0
84720-GUJ,Male,55,Yes,Gujarat,11,,Yes,No,No,,No,No,No,No,No,No,No,No,Month-to-Month,No,Credit Card,19.2,0
84770-UTT,Female,38,Yes,Uttar Pradesh,2,,Yes,No,No,,No,No,No,No,No,No,No,No,Month-to-Month,No,Mailed Check,20.15,1
84789-PUN,Male,46,No,Punjab,9,Deal 5,Yes,No,Yes,Fiber Optic,No,Yes,Yes,Yes,Yes,Yes,Yes,Yes,Month-to-Month,Yes,Bank Withdrawal,107.95,0
84843-MAD,Female,57,Yes,Madhya Pradesh,11,,Yes,Yes,Yes,Fiber Optic,No,No,No,No,No,No,No,Yes,Month-to-Month,Yes,Bank Withdrawal,75.1,1
85027-KAR,Male,57,No,Karnataka,14,Deal 5,Yes,No,No,,No,No,No,No,No,No,No,No,Month-to-Month,Yes,Credit Card,19.75,1
85031-RAJ,Female,60,No,Rajasthan,1,Deal 5,Yes,No,Yes,DSL,No,No,No,No,No,No,No,Yes,Month-to-Month,No,Bank Withdrawal,44.0,1
85428-HAR,Female,62,Yes,Haryana,11,,Yes,No,No,,No,No,No,No,No,No,No,No,Month-to-Month,No,Credit Card,20.1,0
85506-MAH,Female,23,No,Maharashtra,0,,Yes,No,No,,No,No,No,No,No,No,No,No,One Year,No,Credit Card,20.2,0
85917-TAM,Male,53,Yes,Tamil Nadu,7,Deal 5,Yes,No,No,,No,No,No,No,No,No,No,No,Month-to-Month,Yes,Credit Card,19.5,0
86289-UTT,Male,27,No,Uttar Pradesh,4,,Yes,No,No,,No,No,No,No,No,No,No,No,Month-to-Month,No,Credit Card,20.3,0
86315-TAM,Female,54,No,Tamil Nadu,6,Deal 5,Yes,No,No,,No,No,No,No,No,No,No,No,Month-to-Month,No,Bank Withdrawal,20.95,0
86362-ASS,Female,35,Yes,Assam,15,,Yes,No,Yes,Fiber Optic,No,No,No,Yes,No,No,No,Yes,Month-to-Month,Yes,Mailed Check,74.3,1
86369-BIH,Female,59,No,Bihar,1,Deal 5,Yes,Yes,Yes,DSL,No,Yes,No,No,No,No,No,No,Month-to-Month,No,Bank Withdrawal,54.3,0
86703-WES,Female,54,Yes,West Bengal,14,Deal 5,Yes,No,No,,No,No,No,No,No,No,No,No,Month-to-Month,No,Bank Withdrawal,20.65,0
86891-GUJ,Male,25,No,Gujarat,7,,Yes,No,No,,No,No,No,No,No,No,No,No,Month-to-Month,No,Credit Card,20.05,0
86970-KER,Male,57,Yes,Kerala,2,,Yes,No,Yes,DSL,No,Yes,No,No,No,No,No,No,Month-to-Month,No,Bank Withdrawal,49.5,0
87024-KAR,Male,58,No,Karnataka,14,Deal 5,Yes,No,Yes,Fiber Optic,No,No,No,No,No,No,No,Yes,Month-to-Month,Yes,Credit Card,71.3,1
87077-TAM,Male,62,Yes,Tamil Nadu,3,Deal 5,Yes,No,Yes,Cable,No,No,Yes,No,Yes,Yes,Yes,Yes,Month-to-Month,No,Credit Card,69.0,0
87704-GUJ,Female,38,Yes,Gujarat,9,Deal 5,Yes,No,No,,No,No,No,No,No,No,No,No,Two Year,No,Credit Card,20.45,0
88107-JAM,Female,58,No,Jammu & Kashmir,10,,No,No,Yes,DSL,No,No,No,Yes,No,No,No,No,Month-to-Month,No,Credit Card,30.55,1
88111-MAH,Female,52,Yes,Maharashtra,15,,Yes,No,Yes,Fiber Optic,Yes,Yes,No,Yes,No,No,No,Yes,Month-to-Month,Yes,Credit Card,83.4,0
88215-KAR,Female,19,No,Karnataka,5,Deal 5,Yes,Yes,Yes,DSL,No,No,No,No,No,No,No,Yes,Month-to-Month,Yes,Bank Withdrawal,50.05,0
88728-UTT,Female,42,No,Uttar Pradesh,12,,Yes,No,No,,No,No,No,No,No,No,No,No,One Year,No,Credit Card,21.2,0
89154-RAJ,Female,47,No,Rajasthan,5,Deal 5,Yes,No,Yes,Cable,No,Yes,No,No,No,No,No,Yes,Month-to-Month,No,Credit Card,49.2,0
89188-KAR,Female,26,Yes,Karnataka,3,,Yes,No,No,,No,No,No,No,No,No,No,No,Month-to-Month,Yes,Mailed Check,20.55,1
89303-AND,Male,51,No,Andhra Pradesh,6,Deal 5,Yes,No,Yes,Fiber Optic,No,No,No,No,No,No,No,Yes,Month-to-Month,No,Credit Card,69.95,1
89382-ASS,Male,56,No,Assam,5,Deal 5,No,No,Yes,DSL,No,No,No,Yes,No,No,No,Yes,Month-to-Month,Yes,Bank Withdrawal,29.75,1
89512-JAM,Male,57,No,Jammu & Kashmir,3,,Yes,Yes,Yes,DSL,Yes,Yes,No,No,No,No,No,Yes,Month-to-Month,No,Bank Withdrawal,60.95,0
89804-MAH,Male,34,No,Maharashtra,4,Deal 5,Yes,No,No,,No,No,No,No,No,No,No,No,Month-to-Month,No,Credit Card,19.4,0
91320-PUD,Female,58,No,Puducherry,0,,Yes,No,Yes,Fiber Optic,No,No,No,No,No,No,No,Yes,Month-to-Month,No,Bank Withdrawal,70.1,1
91505-DEL,Male,62,Yes,Delhi,13,Deal 5,Yes,Yes,Yes,Fiber Optic,No,No,No,No,Yes,Yes,Yes,Yes,Two Year,Yes,Bank Withdrawal,94.85,0
91835-GUJ,Male,21,Yes,Gujarat,12,,Yes,No,Yes,Cable,No,No,Yes,Yes,Yes,Yes,Yes,Yes,Month-to-Month,Yes,Bank Withdrawal,75.5,0
92134-BIH,Male,24,No,Bihar,5,,No,No,Yes,DSL,No,No,No,No,Yes,No,No,Yes,Month-to-Month,Yes,Credit Card,34.8,1
92198-DEL,Female,44,Yes,Delhi,8,Deal 5,Yes,No,No,,No,No,No,No,No,No,No,No,Month-to-Month,Yes,Credit Card,20.25,0
92228-BIH,Female,22,Yes,Bihar,10,,No,No,Yes,Cable,No,No,No,No,No,No,No,Yes,Month-to-Month,Yes,Credit Card,25.15,1
92398-AND,Male,35,No,Andhra Pradesh,5,Deal 5,Yes,No,No,,No,No,No,No,No,No,No,No,Month-to-Month,Yes,Credit Card,20.0,0
92494-MAH,Female,39,Yes,Maharashtra,11,,Yes,No,Yes,Fiber Optic,Yes,Yes,No,No,Yes,No,No,No,Month-to-Month,Yes,Bank Withdrawal,91.15,0
92527-KAR,Female,40,No,Karnataka,7,,Yes,No,No,,No,No,No,No,No,No,No,No,Month-to-Month,Yes,Credit Card,20.05,0
93520-GUJ,Female,67,No,Gujarat,13,Deal 5,Yes,Yes,Yes,Fiber Optic,No,No,No,No,No,No,No,Yes,One Year,Yes,Bank Withdrawal,72.1,0
93521-MAH,Female,55,No,Maharashtra,6,,Yes,No,Yes,DSL,No,No,No,Yes,No,No,No,No,Month-to-Month,Yes,Bank Withdrawal,-1.0,0
93667-KER,Female,38,No,Kerala,7,,Yes,No,No,,No,No,No,No,No,No,No,No,One Year,Yes,Credit Card,20.55,0
93700-MAH,Female,57,No,Maharashtra,8,Deal 5,Yes,No,Yes,Cable,Yes,No,No,No,No,No,No,Yes,Month-to-Month,Yes,Credit Card,50.7,1
94070-JAM,Female,21,Yes,Jammu & Kashmir,8,,Yes,No,Yes,Fiber Optic,No,No,No,No,Yes,Yes,Yes,Yes,Month-to-Month,Yes,Bank Withdrawal,90.1,1
94124-MAH,Female,21,No,Maharashtra,9,,Yes,No,Yes,Fiber Optic,No,No,No,No,Yes,No,No,Yes,Month-to-Month,Yes,Bank Withdrawal,79.95,1
94243-TAM,Female,34,No,Tamil Nadu,5,,Yes,No,No,,No,No,No,No,No,No,No,No,Month-to-Month,Yes,Credit Card,19.9,0
94305-KAR,Male,49,Yes,Karnataka,5,Deal 5,Yes,No,No,,No,No,No,No,No,No,No,No,Month-to-Month,No,Bank Withdrawal,19.75,0
94609-HAR,Female,45,No,Haryana,1,,Yes,No,No,,No,No,No,No,No,No,No,No,Month-to-Month,No,Credit Card,19.65,0
94978-PUN,Female,36,No,Punjab,2,,Yes,No,No,,No,No,No,No,No,No,No,No,One Year,Yes,Credit Card,19.45,0
95053-UTT,Female,32,No,Uttar Pradesh,15,,Yes,Yes,No,,No,No,No,No,No,No,No,No,Month-to-Month,No,Credit Card,24.6,0
95594-TAM,Female,64,No,Tamil Nadu,4,,Yes,No,Yes,DSL,No,No,No,No,No,No,No,Yes,Month-to-Month,No,Bank Withdrawal,44.0,1
95735-PUN,Female,53,No,Punjab,10,,Yes,No,No,,No,No,No,No,No,No,No,No,Month-to-Month,No,Credit Card,19.25,0
95748-UTT,Male,22,Yes,Uttar Pradesh,5,Deal 5,Yes,Yes,No,,No,No,No,No,No,No,No,No,Month-to-Month,No,Mailed Check,25.4,0
95822-AND,Male,34,Yes,Andhra Pradesh,3,,Yes,No,No,,No,No,No,No,No,No,No,No,Month-to-Month,Yes,Credit Card,19.2,0
95991-MAD,Female,37,Yes,Madhya Pradesh,0,,Yes,No,Yes,Cable,No,No,No,Yes,No,No,No,Yes,Month-to-Month,Yes,Credit Card,50.25,0
96430-PUN,Male,37,No,Punjab,0,,Yes,No,Yes,DSL,Yes,No,No,No,No,No,No,Yes,Month-to-Month,Yes,Credit Card,48.75,0
96967-CHH,Female,33,No,Chhattisgarh,5,,Yes,No,Yes,Fiber Optic,No,No,No,No,Yes,Yes,Yes,Yes,Month-to-Month,Yes,Bank Withdrawal,89.35,1
97427-JAM,Female,27,Yes,Jammu & Kashmir,9,Deal 5,Yes,No,No,,No,No,No,No,No,No,No,No,Month-to-Month,Yes,Credit Card,20.35,0
97497-RAJ,Male,24,Yes,Rajasthan,9,Deal 5,Yes,No,Yes,DSL,No,Yes,No,No,No,No,No,Yes,Month-to-Month,Yes,Bank Withdrawal,49.9,1
97615-MAH,Female,23,Yes,Maharashtra,11,Deal 5,Yes,No,No,,No,No,No,No,No,No,No,No,Month-to-Month,No,Credit Card,20.2,0
97828-MAH,Female,57,No,Maharashtra,0,Deal 5,Yes,No,Yes,Fiber Optic,No,No,No,No,Yes,Yes,Yes,Yes,Month-to-Month,Yes,Bank Withdrawal,92.0,1
98301-WES,Male,28,Yes,West Bengal,4,,Yes,No,Yes,Cable,Yes,No,Yes,No,No,No,No,Yes,Month-to-Month,No,Bank Withdrawal,53.45,0
98334-MAD,Male,67,Yes,Madhya Pradesh,15,,Yes,No,No,,No,No,No,No,No,No,No,No,Month-to-Month,No,Bank Withdrawal,20.2,1
98767-WES,Female,26,No,West Bengal,14,,Yes,No,No,,No,No,No,No,No,No,No,No,Month-to-Month,No,Credit Card,20.05,0
98788-TAM,Male,58,Yes,Tamil Nadu,4,Deal 5,Yes,No,No,,No,No,No,No,No,No,No,No,Month-to-Month,Yes,Mailed Check,20.05,1
99144-UTT,Female,41,No,Uttar Pradesh,9,,Yes,No,No,,No,No,No,No,No,No,No,No,Month-to-Month,Yes,Credit Card,19.65,1
99475-KAR,Male,22,Yes,Karnataka,11,,Yes,No,Yes,DSL,No,Yes,No,No,No,No,No,Yes,Month-to-Month,No,Credit Card,51.55,0
99488-KAR,Male,50,Yes,Karnataka,10,,No,No,Yes,DSL,No,No,No,No,No,No,No,Yes,Month-to-Month,No,Credit Card,24.4,0
99515-ASS,Male,34,No,Assam,11,,Yes,Yes,Yes,Cable,No,No,No,Yes,Yes,No,No,Yes,Month-to-Month,Yes,Credit Card,65.25,0
99855-MAH,Female,50,Yes,Maharashtra,5,,Yes,No,Yes,Fiber Optic,No,No,No,No,No,No,No,Yes,Month-to-Month,Yes,Bank Withdrawal,69.7,1
99862-BIH,Female,30,No,Bihar,12,Deal 5,Yes,No,Yes,Fiber Optic,No,No,No,Yes,No,No,No,Yes,Month-to-Month,No,Bank Withdrawal,74.0,1
99996-HAR,Male,22,Yes,Haryana,2,Deal 5,Yes,No,Yes,DSL,Yes,Yes,No,No,No,No,Yes,Yes,Month-to-Month,Yes,Credit Card,53.55,0
